<component name="libraryTable">
  <library name="android.arch.lifecycle:livedata-core-1.1.0">
    <CLASSES>
      <root url="file://$USER_HOME$/.android/build-cache/ffbe29cb9bbd98cb9116c9fcc3cee71940554919/output/res" />
      <root url="jar://$USER_HOME$/.android/build-cache/ffbe29cb9bbd98cb9116c9fcc3cee71940554919/output/jars/classes.jar!/" />
    </CLASSES>
    <JAVADOC />
    <SOURCES>
      <root url="jar://$USER_HOME$/.gradle/caches/modules-2/files-2.1/android.arch.lifecycle/livedata-core/1.1.0/300f89e645a95de0bdc6d8833beeee6e3045df06/livedata-core-1.1.0-sources.jar!/" />
    </SOURCES>
  </library>
</component>