<component name="libraryTable">
  <library name="android.arch.lifecycle:viewmodel-1.1.0">
    <CLASSES>
      <root url="jar://$USER_HOME$/.android/build-cache/4332506dbb2ef10d145f9f48e4ac6cdd88ac45c7/output/jars/classes.jar!/" />
      <root url="file://$USER_HOME$/.android/build-cache/4332506dbb2ef10d145f9f48e4ac6cdd88ac45c7/output/res" />
    </CLASSES>
    <JAVADOC />
    <SOURCES>
      <root url="jar://$USER_HOME$/.gradle/caches/modules-2/files-2.1/android.arch.lifecycle/viewmodel/1.1.0/e4c0c5d65f92ccad0b0148ac2f01b540ac7a711e/viewmodel-1.1.0-sources.jar!/" />
    </SOURCES>
  </library>
</component>