<component name="libraryTable">
  <library name="android.arch.core:runtime-1.1.0">
    <CLASSES>
      <root url="jar://$USER_HOME$/.android/build-cache/179fe0b3ea3d943df160c57f3e0e4f45e8b02f72/output/jars/classes.jar!/" />
      <root url="file://$USER_HOME$/.android/build-cache/179fe0b3ea3d943df160c57f3e0e4f45e8b02f72/output/res" />
    </CLASSES>
    <JAVADOC />
    <SOURCES>
      <root url="jar://$USER_HOME$/.gradle/caches/modules-2/files-2.1/android.arch.core/runtime/1.1.0/62944187d3ae3e7a4644b50da4e7b63c605a696/runtime-1.1.0-sources.jar!/" />
    </SOURCES>
  </library>
</component>