<component name="libraryTable">
  <library name="android.arch.lifecycle:runtime-1.1.0">
    <CLASSES>
      <root url="jar://$USER_HOME$/.android/build-cache/ec68864e66cbdd11bcc56b90346990a99b134539/output/jars/classes.jar!/" />
      <root url="file://$USER_HOME$/.android/build-cache/ec68864e66cbdd11bcc56b90346990a99b134539/output/res" />
    </CLASSES>
    <JAVADOC />
    <SOURCES>
      <root url="jar://$USER_HOME$/.gradle/caches/modules-2/files-2.1/android.arch.lifecycle/runtime/1.1.0/a4b0d6b8e8f51c8f95d5a0641f81ffc13ab406c7/runtime-1.1.0-sources.jar!/" />
    </SOURCES>
  </library>
</component>