<component name="libraryTable">
  <library name="com.android.support:support-core-utils-27.1.1">
    <CLASSES>
      <root url="jar://$USER_HOME$/.android/build-cache/41c280c94a67ed69b1652c6d622fd4fdeeff8f3a/output/jars/classes.jar!/" />
      <root url="file://$USER_HOME$/.android/build-cache/41c280c94a67ed69b1652c6d622fd4fdeeff8f3a/output/res" />
    </CLASSES>
    <JAVADOC />
    <SOURCES>
      <root url="jar://$USER_HOME$/.gradle/caches/modules-2/files-2.1/com.android.support/support-core-utils/27.1.1/8fb37fd2f8dbc23482865700d2c340ae030ea561/support-core-utils-27.1.1-sources.jar!/" />
    </SOURCES>
  </library>
</component>