<component name="libraryTable">
  <library name="com.android.support:support-fragment-27.1.1">
    <CLASSES>
      <root url="jar://$USER_HOME$/.android/build-cache/a8de182dfe81492e09a41e9f1a9e4f26b391387a/output/jars/classes.jar!/" />
      <root url="file://$USER_HOME$/.android/build-cache/a8de182dfe81492e09a41e9f1a9e4f26b391387a/output/res" />
    </CLASSES>
    <JAVADOC />
    <SOURCES>
      <root url="jar://$USER_HOME$/.gradle/caches/modules-2/files-2.1/com.android.support/support-fragment/27.1.1/94732bda44fba11302c58e459b7c1f47e7521bf9/support-fragment-27.1.1-sources.jar!/" />
    </SOURCES>
  </library>
</component>