<component name="libraryTable">
  <library name="com.android.support:appcompat-v7-27.1.1">
    <CLASSES>
      <root url="jar://$USER_HOME$/.android/build-cache/85af857c3096f533e7dbff3300e4bfd49e31c378/output/jars/classes.jar!/" />
      <root url="file://$USER_HOME$/.android/build-cache/85af857c3096f533e7dbff3300e4bfd49e31c378/output/res" />
    </CLASSES>
    <JAVADOC />
    <SOURCES>
      <root url="jar://$USER_HOME$/.gradle/caches/modules-2/files-2.1/com.android.support/appcompat-v7/27.1.1/21d073509c5f8d25a1bf274067fa729a1fba8d75/appcompat-v7-27.1.1-sources.jar!/" />
    </SOURCES>
  </library>
</component>