<component name="libraryTable">
  <library name="com.android.support:animated-vector-drawable-27.1.1">
    <CLASSES>
      <root url="file://$USER_HOME$/.android/build-cache/4fec9927f32f8774c89702fd9c897b97bbaa9c22/output/res" />
      <root url="jar://$USER_HOME$/.android/build-cache/4fec9927f32f8774c89702fd9c897b97bbaa9c22/output/jars/classes.jar!/" />
    </CLASSES>
    <JAVADOC />
    <SOURCES>
      <root url="jar://$USER_HOME$/.gradle/caches/modules-2/files-2.1/com.android.support/animated-vector-drawable/27.1.1/a8f4121ade2fdfcc5cb20290a05333239fee05d7/animated-vector-drawable-27.1.1-sources.jar!/" />
    </SOURCES>
  </library>
</component>