<component name="libraryTable">
  <library name="com.android.support:support-vector-drawable-27.1.1">
    <CLASSES>
      <root url="jar://$USER_HOME$/.android/build-cache/6f55f1538db2e17b67e1922c790ff3cf77816df3/output/jars/classes.jar!/" />
      <root url="file://$USER_HOME$/.android/build-cache/6f55f1538db2e17b67e1922c790ff3cf77816df3/output/res" />
    </CLASSES>
    <JAVADOC />
    <SOURCES>
      <root url="jar://$USER_HOME$/.gradle/caches/modules-2/files-2.1/com.android.support/support-vector-drawable/27.1.1/4b29cf2106c95afb3432bb0c4ec5a91e959717b2/support-vector-drawable-27.1.1-sources.jar!/" />
    </SOURCES>
  </library>
</component>