<component name="libraryTable">
  <library name="com.squareup:javawriter:2.1.1@jar">
    <CLASSES>
      <root url="jar://$USER_HOME$/.gradle/caches/modules-2/files-2.1/com.squareup/javawriter/2.1.1/67ff45d9ae02e583d0f9b3432a5ebbe05c30c966/javawriter-2.1.1.jar!/" />
    </CLASSES>
    <JAVADOC />
    <SOURCES>
      <root url="jar://$USER_HOME$/.gradle/caches/modules-2/files-2.1/com.squareup/javawriter/2.1.1/5b31387d839a5cdaf5b6de3990da01f7f2b963c5/javawriter-2.1.1-sources.jar!/" />
    </SOURCES>
  </library>
</component>